<?xml version="1.0" encoding="utf-8"?>
<!--/398421/343280/2.47/3/4/Diode/-->
<quadcept_library>
  <setting unit="mil" />
  <textstyle name="Default" height="47.244094488189" strokewidth="7.8740157480315" charwidth="47.244094488189" />
  <textstyle name="Dimension" height="19.6850393700787" strokewidth="0" charwidth="19.6850393700787" />
  <textstyle name="H127W0635TH00762" height="50" strokewidth="3" charwidth="25" />
  <textstyle name="H15W15TH02" height="59.0551181102362" strokewidth="7.8740157480315" charwidth="59.0551181102362" />
  <padstyle name="c189_h126" surface="False" plated="True" isvia="False" nopaste="True" nomask="True" complex="False" holesize="49.606299212598">
    <padshape layer="TOP" shape="round" width="74.409448818897" height="74.409448818897" />
    <padshape layer="TOP_SOLDER_MASK" shape="round" width="82.283464566928" height="82.283464566928" />
    <padshape layer="INNER" shape="round" width="74.409448818897" height="74.409448818897" />
    <padshape layer="BOTTOM" shape="round" width="74.409448818897" height="74.409448818897" />
    <padshape layer="BOTTOM_SOLDER_MASK" shape="round" width="82.283464566928" height="82.283464566928" />
  </padstyle>
  <padstyle name="s189_h126" surface="False" plated="True" isvia="False" nopaste="True" nomask="True" complex="False" holesize="49.606299212598">
    <padshape layer="TOP" shape="square" width="74.409448818897" height="74.409448818897" />
    <padshape layer="TOP_SOLDER_MASK" shape="square" width="82.283464566928" height="82.283464566928" />
    <padshape layer="INNER" shape="round" width="74.409448818897" height="74.409448818897" />
    <padshape layer="BOTTOM" shape="square" width="74.409448818897" height="74.409448818897" />
    <padshape layer="BOTTOM_SOLDER_MASK" shape="square" width="82.283464566928" height="82.283464566928" />
  </padstyle>
  <footprint name="TO255P470X1054X1989-3P" originx="0" originy="0" pickpointx="0" pickpointy="0">
    <pcbpin number="1" name="1" style="s189_h126" originx="0" originy="0" rotation="90" />
    <pcbpin number="2" name="2" style="c189_h126" originx="100.3937007874" originy="0" rotation="90" />
    <pcbpin number="3" name="3" style="c189_h126" originx="200.7874015748" originy="0" rotation="90" />
    <line layer="TOP_PLACE_BOUND" originx="-116.92913385827" originy="112.59842519685" endx="317.71653543307" endy="112.59842519685" width="1.9685039370079" />
    <line layer="TOP_PLACE_BOUND" originx="317.71653543307" originy="112.59842519685" endx="317.71653543307" endy="-92.125984251967" width="1.9685039370079" />
    <line layer="TOP_PLACE_BOUND" originx="317.71653543307" originy="-92.125984251967" endx="-116.92913385827" endy="-92.125984251967" width="1.9685039370079" />
    <line layer="TOP_PLACE_BOUND" originx="-116.92913385827" originy="-92.125984251967" endx="-116.92913385827" endy="112.59842519685" width="1.9685039370079" />
    <line layer="TOP_ASSEMBLY" originx="-107.08661417323" originy="102.75590551181" endx="307.87401574803" endy="102.75590551181" width="3.9370078740157" />
    <line layer="TOP_ASSEMBLY" originx="307.87401574803" originy="102.75590551181" endx="307.87401574803" endy="-82.283464566928" width="3.9370078740157" />
    <line layer="TOP_ASSEMBLY" originx="307.87401574803" originy="-82.283464566928" endx="-107.08661417323" endy="-82.283464566928" width="3.9370078740157" />
    <line layer="TOP_ASSEMBLY" originx="-107.08661417323" originy="-82.283464566928" endx="-107.08661417323" endy="102.75590551181" width="3.9370078740157" />
    <line layer="TOP_ASSEMBLY" originx="-107.08661417323" originy="52.55905511811" endx="-56.889763779527" endy="102.75590551181" width="3.9370078740157" />
    <line layer="TOP_SILKSCREEN" originx="307.87401574803" originy="-82.283464566928" endx="307.87401574803" endy="102.75590551181" width="7.8740157480314" />
    <line layer="TOP_SILKSCREEN" originx="307.87401574803" originy="102.75590551181" endx="-107.08661417323" endy="102.75590551181" width="7.8740157480314" />
    <line layer="TOP_SILKSCREEN" originx="-107.08661417323" originy="102.75590551181" endx="-107.08661417323" endy="0" width="7.8740157480314" />
  </footprint>
  <symbol name="BYQ28E-200-E3_45" originx="0" originy="0">
    <line originx="200" originy="100" endx="900" endy="100" width="0" />
    <line originx="900" originy="-300" endx="900" endy="100" width="0" />
    <line originx="900" originy="-300" endx="200" endy="-300" width="0" />
    <line originx="200" originy="100" endx="200" endy="-300" width="0" />
    <sympin number="1" originx="200" originy="0" rotation="180" length="100" width="7.8740157480315" flipped="False">
      <text name="pinname" originx="230" originy="0" style="Default" rotation="0" justify="left" flipped="False" hidden="False" data="A_1" />
      <text name="pindes" originx="140" originy="20" style="Default" rotation="0" justify="lowerright" flipped="False" hidden="False" data="1" />
    </sympin>
    <sympin number="2" originx="200" originy="-100" rotation="180" length="100" width="7.8740157480315" flipped="False">
      <text name="pinname" originx="230" originy="-100" style="Default" rotation="0" justify="left" flipped="False" hidden="False" data="COMMON_K" />
      <text name="pindes" originx="140" originy="-80" style="Default" rotation="0" justify="lowerright" flipped="False" hidden="False" data="2" />
    </sympin>
    <sympin number="3" originx="200" originy="-200" rotation="180" length="100" width="7.8740157480315" flipped="False">
      <text name="pinname" originx="230" originy="-200" style="Default" rotation="0" justify="left" flipped="False" hidden="False" data="A_2" />
      <text name="pindes" originx="140" originy="-180" style="Default" rotation="0" justify="lowerright" flipped="False" hidden="False" data="3" />
    </sympin>
  </symbol>
  <component name="BYQ28E-200-E3_45" designatorprefix="D" height="185.03937007874" footprint="TO255P470X1054X1989-3P">
    <comppin designator="1" sympin="1" pinswap="0" gateswap="0" gate="1" group="1" side="" type="Any" name="A_1" />
    <comppin designator="2" sympin="2" pinswap="0" gateswap="0" gate="1" group="1" side="" type="Any" name="COMMON_K" />
    <comppin designator="3" sympin="3" pinswap="0" gateswap="0" gate="1" group="1" side="" type="Any" name="A_2" />
    <attached_symbol gate="1" name="BYQ28E-200-E3_45" />
    <pinmap designator="1" footprintpin="1" />
    <pinmap designator="2" footprintpin="2" />
    <pinmap designator="3" footprintpin="3" />
    <text name="Datasheet" originx="0" originy="0" style="Default" rotation="0" justify="" flipped="False" hidden="True" data="http://www.vishay.com/docs/88549/byq28e.pdf" />
    <text name="Description" originx="0" originy="0" style="Default" rotation="0" justify="" flipped="False" hidden="True" data="Vishay BYQ28E-200-E3/45, Dual Diode, Common Cathode, 200V 10A, 25ns, 3-Pin TO-220AB" />
    <text name="Manufacturer_Name" originx="0" originy="0" style="Default" rotation="0" justify="" flipped="False" hidden="True" data="Vishay" />
    <text name="Manufacturer_Part_Number" originx="950" originy="200" style="Default" rotation="0" justify="left" flipped="False" hidden="False" data="BYQ28E-200-E3/45" />
    <text name="Mouser Part Number" originx="0" originy="0" style="Default" rotation="0" justify="" flipped="False" hidden="True" data="625-BYQ28E-200-E3" />
    <text name="Mouser Price/Stock" originx="0" originy="0" style="Default" rotation="0" justify="" flipped="False" hidden="True" data="https://www.mouser.com/Search/Refine.aspx?Keyword=625-BYQ28E-200-E3" />
    <text name="Arrow Part Number" originx="0" originy="0" style="Default" rotation="0" justify="" flipped="False" hidden="True" data="BYQ28E-200-E3/45" />
    <text name="Arrow Price/Stock" originx="0" originy="0" style="Default" rotation="0" justify="" flipped="False" hidden="True" data="https://www.arrow.com/en/products/byq28e-200-e345/vishay" />
  </component>
</quadcept_library>
