<?xml version="1.0" encoding="utf-8"?>
<!--/12741913/343280/2.47/3/4/Connector/-->
<quadcept_library>
  <setting unit="mil" />
  <textstyle name="Default" height="47.244094488189" strokewidth="7.8740157480315" charwidth="47.244094488189" />
  <textstyle name="Dimension" height="19.6850393700787" strokewidth="0" charwidth="19.6850393700787" />
  <textstyle name="H127W0635TH00762" height="50" strokewidth="3" charwidth="25" />
  <textstyle name="H15W15TH02" height="59.0551181102362" strokewidth="7.8740157480315" charwidth="59.0551181102362" />
  <padstyle name="c180_h120" surface="False" plated="True" isvia="False" nopaste="True" nomask="True" complex="False" holesize="47.244094488188">
    <padshape layer="TOP" shape="round" width="70.866141732283" height="70.866141732283" />
    <padshape layer="TOP_SOLDER_MASK" shape="round" width="78.740157480314" height="78.740157480314" />
    <padshape layer="INNER" shape="round" width="70.866141732283" height="70.866141732283" />
    <padshape layer="BOTTOM" shape="round" width="70.866141732283" height="70.866141732283" />
    <padshape layer="BOTTOM_SOLDER_MASK" shape="round" width="78.740157480314" height="78.740157480314" />
  </padstyle>
  <footprint name="2828343" originx="0" originy="0" pickpointx="0" pickpointy="0">
    <pcbpin number="1" name="1" style="c180_h120" originx="0" originy="0" rotation="90" />
    <pcbpin number="2" name="2" style="c180_h120" originx="99.999999999999" originy="0" rotation="90" />
    <pcbpin number="3" name="3" style="c180_h120" originx="200" originy="0" rotation="90" />
    <line layer="TOP_ASSEMBLY" originx="-59.055118110235" originy="-127.95275590551" endx="259.05511811023" endy="-127.95275590551" width="7.8740157480314" />
    <line layer="TOP_ASSEMBLY" originx="259.05511811023" originy="-127.95275590551" endx="259.05511811023" endy="127.95275590551" width="7.8740157480314" />
    <line layer="TOP_ASSEMBLY" originx="259.05511811023" originy="127.95275590551" endx="-59.055118110235" endy="127.95275590551" width="7.8740157480314" />
    <line layer="TOP_ASSEMBLY" originx="-59.055118110235" originy="127.95275590551" endx="-59.055118110235" endy="-127.95275590551" width="7.8740157480314" />
    <line layer="TOP_SILKSCREEN" originx="-59.055118110235" originy="127.95275590551" endx="259.05511811023" endy="127.95275590551" width="3.9370078740157" />
    <line layer="TOP_SILKSCREEN" originx="259.05511811023" originy="127.95275590551" endx="259.05511811023" endy="-127.95275590551" width="3.9370078740157" />
    <line layer="TOP_SILKSCREEN" originx="259.05511811023" originy="-127.95275590551" endx="-59.055118110235" endy="-127.95275590551" width="3.9370078740157" />
    <line layer="TOP_SILKSCREEN" originx="-59.055118110235" originy="-127.95275590551" endx="-59.055118110235" endy="127.95275590551" width="3.9370078740157" />
    <line layer="TOP_PLACE_BOUND" originx="-149.6062992126" originy="167.32283464567" endx="298.42519685039" endy="167.32283464567" width="3.9370078740157" />
    <line layer="TOP_PLACE_BOUND" originx="298.42519685039" originy="167.32283464567" endx="298.42519685039" endy="-167.32283464567" width="3.9370078740157" />
    <line layer="TOP_PLACE_BOUND" originx="298.42519685039" originy="-167.32283464567" endx="-149.6062992126" endy="-167.32283464567" width="3.9370078740157" />
    <line layer="TOP_PLACE_BOUND" originx="-149.6062992126" originy="-167.32283464567" endx="-149.6062992126" endy="167.32283464567" width="3.9370078740157" />
    <line layer="TOP_SILKSCREEN" originx="-110.23622047244" originy="0" endx="-110.23622047244" endy="0" width="7.8740157480314" />
    <arc layer="TOP_SILKSCREEN" originx="-108.26771653543" originy="0" startangle="180.0" sweepangle="180.0" radius="1.9685039370079" width="7.8740157480314" />
    <line layer="TOP_SILKSCREEN" originx="-106.29921259842" originy="0" endx="-106.29921259842" endy="0" width="7.8740157480314" />
    <arc layer="TOP_SILKSCREEN" originx="-108.26771653543" originy="0" startangle=".0" sweepangle="180.0" radius="1.9685039370079" width="7.8740157480314" />
    <line layer="TOP_SILKSCREEN" originx="-110.23622047244" originy="0" endx="-110.23622047244" endy="0" width="7.8740157480314" />
    <arc layer="TOP_SILKSCREEN" originx="-108.26771653543" originy="0" startangle="180.0" sweepangle="180.0" radius="1.9685039370079" width="7.8740157480314" />
  </footprint>
  <symbol name="282834-3" originx="0" originy="0">
    <line originx="200" originy="100" endx="600" endy="100" width="0" />
    <line originx="600" originy="-300" endx="600" endy="100" width="0" />
    <line originx="600" originy="-300" endx="200" endy="-300" width="0" />
    <line originx="200" originy="100" endx="200" endy="-300" width="0" />
    <sympin number="1" originx="200" originy="0" rotation="180" length="100" width="7.8740157480315" flipped="False">
      <text name="pinname" originx="230" originy="0" style="Default" rotation="0" justify="left" flipped="False" hidden="False" data="1" />
      <text name="pindes" originx="140" originy="20" style="Default" rotation="0" justify="lowerright" flipped="False" hidden="False" data="1" />
    </sympin>
    <sympin number="2" originx="200" originy="-100" rotation="180" length="100" width="7.8740157480315" flipped="False">
      <text name="pinname" originx="230" originy="-100" style="Default" rotation="0" justify="left" flipped="False" hidden="False" data="2" />
      <text name="pindes" originx="140" originy="-80" style="Default" rotation="0" justify="lowerright" flipped="False" hidden="False" data="2" />
    </sympin>
    <sympin number="3" originx="200" originy="-200" rotation="180" length="100" width="7.8740157480315" flipped="False">
      <text name="pinname" originx="230" originy="-200" style="Default" rotation="0" justify="left" flipped="False" hidden="False" data="3" />
      <text name="pindes" originx="140" originy="-180" style="Default" rotation="0" justify="lowerright" flipped="False" hidden="False" data="3" />
    </sympin>
  </symbol>
  <component name="282834-3" designatorprefix="J" height="393.70078740157" footprint="2828343">
    <comppin designator="1" sympin="1" pinswap="0" gateswap="0" gate="1" group="1" side="" type="Any" name="1" />
    <comppin designator="2" sympin="2" pinswap="0" gateswap="0" gate="1" group="1" side="" type="Any" name="2" />
    <comppin designator="3" sympin="3" pinswap="0" gateswap="0" gate="1" group="1" side="" type="Any" name="3" />
    <attached_symbol gate="1" name="282834-3" />
    <pinmap designator="1" footprintpin="1" />
    <pinmap designator="2" footprintpin="2" />
    <pinmap designator="3" footprintpin="3" />
    <text name="Datasheet" originx="0" originy="0" style="Default" rotation="0" justify="" flipped="False" hidden="True" data="https://www.te.com/commerce/DocumentDelivery/DDEController?Action=showdoc&amp;DocId=Customer Drawing282834C1pdfEnglishENG_CD_282834_C1.pdf282834-3" />
    <text name="Description" originx="0" originy="0" style="Default" rotation="0" justify="" flipped="False" hidden="True" data="Connector pcb 3 way 2.54mm Termi-Block" />
    <text name="Manufacturer_Name" originx="0" originy="0" style="Default" rotation="0" justify="" flipped="False" hidden="True" data="TE Connectivity" />
    <text name="Manufacturer_Part_Number" originx="650" originy="200" style="Default" rotation="0" justify="left" flipped="False" hidden="False" data="282834-3" />
    <text name="Mouser Part Number" originx="0" originy="0" style="Default" rotation="0" justify="" flipped="False" hidden="True" data="571-2828343" />
    <text name="Mouser Price/Stock" originx="0" originy="0" style="Default" rotation="0" justify="" flipped="False" hidden="True" data="https://www.mouser.co.uk/ProductDetail/TE-Connectivity/282834-3?qs=A%252Bip%252BNCYi6M69kAjqV38yA%3D%3D" />
    <text name="Arrow Part Number" originx="0" originy="0" style="Default" rotation="0" justify="" flipped="False" hidden="True" data="282834-3" />
    <text name="Arrow Price/Stock" originx="0" originy="0" style="Default" rotation="0" justify="" flipped="False" hidden="True" data="https://www.arrow.com/en/products/282834-3/te-connectivity" />
  </component>
</quadcept_library>
